{
    "counter": {
        "ACTIVE": 285,
        "INACTIVE": 2,
        "INVALID": 0,
        "MALICIOUS": 0,
        "SANE": 0,
        "VALID": 0,
        "total": 287
    },
    "percentage": {
        "ACTIVE": 99.30313588850174,
        "INACTIVE": 0.7142857142857143,
        "INVALID": 0,
        "MALICIOUS": 0,
        "SANE": 0,
        "VALID": 0,
        "total": 100.01742160278745
    }
}