{
    "counter": {
        "ACTIVE": 812,
        "INACTIVE": 1,
        "INVALID": 0,
        "MALICIOUS": 0,
        "SANE": 0,
        "VALID": 0,
        "total": 813
    },
    "percentage": {
        "ACTIVE": 99.8769987699877,
        "INACTIVE": 0.12468827930174564,
        "INVALID": 0,
        "MALICIOUS": 0,
        "SANE": 0,
        "VALID": 0,
        "total": 100.00168704928944
    }
}