{
    "counter": {
        "ACTIVE": 813,
        "INACTIVE": 2,
        "INVALID": 0,
        "MALICIOUS": 0,
        "SANE": 0,
        "VALID": 0,
        "total": 815
    },
    "percentage": {
        "ACTIVE": 99.75460122699387,
        "INACTIVE": 0.26525198938992045,
        "INVALID": 0,
        "MALICIOUS": 0,
        "SANE": 0,
        "VALID": 0,
        "total": 100.0198532163838
    }
}