{
    "counter": {
        "ACTIVE": 282,
        "INACTIVE": 1,
        "INVALID": 0,
        "MALICIOUS": 0,
        "SANE": 0,
        "VALID": 0,
        "total": 283
    },
    "percentage": {
        "ACTIVE": 99.64664310954063,
        "INACTIVE": 1.0204081632653061,
        "INVALID": 0,
        "MALICIOUS": 0,
        "SANE": 0,
        "VALID": 0,
        "total": 100.66705127280594
    }
}