{
    "counter": {
        "ACTIVE": 814,
        "INACTIVE": 1,
        "INVALID": 0,
        "MALICIOUS": 0,
        "SANE": 0,
        "VALID": 0,
        "total": 815
    },
    "percentage": {
        "ACTIVE": 99.87730061349693,
        "INACTIVE": 0.12437810945273632,
        "INVALID": 0,
        "MALICIOUS": 0,
        "SANE": 0,
        "VALID": 0,
        "total": 100.00167872294966
    }
}