{
    "counter": {
        "ACTIVE": 689,
        "INACTIVE": 1,
        "INVALID": 0,
        "MALICIOUS": 0,
        "SANE": 0,
        "VALID": 0,
        "total": 690
    },
    "percentage": {
        "ACTIVE": 99.85507246376811,
        "INACTIVE": 0.18796992481203006,
        "INVALID": 0,
        "MALICIOUS": 0,
        "SANE": 0,
        "VALID": 0,
        "total": 100.04304238858013
    }
}