{
    "counter": {
        "ACTIVE": 691,
        "INACTIVE": 1,
        "INVALID": 0,
        "MALICIOUS": 0,
        "SANE": 0,
        "VALID": 0,
        "total": 692
    },
    "percentage": {
        "ACTIVE": 99.85549132947978,
        "INACTIVE": 0.2631578947368421,
        "INVALID": 0,
        "MALICIOUS": 0,
        "SANE": 0,
        "VALID": 0,
        "total": 100.11864922421661
    }
}