{
    "counter": {
        "ACTIVE": 283,
        "INACTIVE": 1,
        "INVALID": 0,
        "MALICIOUS": 0,
        "SANE": 0,
        "VALID": 0,
        "total": 284
    },
    "percentage": {
        "ACTIVE": 99.64788732394366,
        "INACTIVE": 0.9900990099009901,
        "INVALID": 0,
        "MALICIOUS": 0,
        "SANE": 0,
        "VALID": 0,
        "total": 100.63798633384465
    }
}