{
    "counter": {
        "ACTIVE": 284,
        "INACTIVE": 1,
        "INVALID": 0,
        "MALICIOUS": 0,
        "SANE": 0,
        "VALID": 0,
        "total": 285
    },
    "percentage": {
        "ACTIVE": 99.64912280701755,
        "INACTIVE": 1.0101010101010102,
        "INVALID": 0,
        "MALICIOUS": 0,
        "SANE": 0,
        "VALID": 0,
        "total": 100.65922381711856
    }
}