{
    "counter": {
        "ACTIVE": 820,
        "INACTIVE": 1,
        "INVALID": 0,
        "MALICIOUS": 0,
        "SANE": 0,
        "VALID": 0,
        "total": 821
    },
    "percentage": {
        "ACTIVE": 99.87819732034104,
        "INACTIVE": 0.3246753246753247,
        "INVALID": 0,
        "MALICIOUS": 0,
        "SANE": 0,
        "VALID": 0,
        "total": 100.20287264501637
    }
}