{
    "counter": {
        "ACTIVE": 288,
        "INACTIVE": 1,
        "INVALID": 0,
        "MALICIOUS": 0,
        "SANE": 0,
        "VALID": 0,
        "total": 289
    },
    "percentage": {
        "ACTIVE": 99.65397923875433,
        "INACTIVE": 0.4149377593360996,
        "INVALID": 0,
        "MALICIOUS": 0,
        "SANE": 0,
        "VALID": 0,
        "total": 100.06891699809043
    }
}