{
    "counter": {
        "ACTIVE": 314,
        "INACTIVE": 2,
        "INVALID": 0,
        "MALICIOUS": 0,
        "SANE": 0,
        "VALID": 0,
        "total": 316
    },
    "percentage": {
        "ACTIVE": 99.36708860759494,
        "INACTIVE": 2.985074626865672,
        "INVALID": 0,
        "MALICIOUS": 0,
        "SANE": 0,
        "VALID": 0,
        "total": 102.3521632344606
    }
}