{
    "counter": {
        "ACTIVE": 282,
        "INACTIVE": 3,
        "INVALID": 0,
        "MALICIOUS": 0,
        "SANE": 0,
        "VALID": 0,
        "total": 285
    },
    "percentage": {
        "ACTIVE": 98.94736842105263,
        "INACTIVE": 1.2396694214876034,
        "INVALID": 0,
        "MALICIOUS": 0,
        "SANE": 0,
        "VALID": 0,
        "total": 100.18703784254024
    }
}