{
    "counter": {
        "ACTIVE": 452,
        "INACTIVE": 1,
        "INVALID": 0,
        "MALICIOUS": 0,
        "SANE": 0,
        "VALID": 0,
        "total": 453
    },
    "percentage": {
        "ACTIVE": 99.77924944812362,
        "INACTIVE": 0.32679738562091504,
        "INVALID": 0,
        "MALICIOUS": 0,
        "SANE": 0,
        "VALID": 0,
        "total": 100.10604683374454
    }
}